timestamp,x,y,z
1741333410.296922,-0.4025677570165075,-61.72515057366709,-0.4777599438355905
1741333410.3269198,-0.40283300855114507,-61.724146392855786,-0.48310524346257183
1741333410.3668969,-0.4031337687262595,-61.724123457184525,-0.4826548245914958
1741333410.3969114,-0.4031786873155205,-61.72483156590348,-0.4823390658006996
1741333410.4269178,-0.40338586346381866,-61.72365811672385,-0.4831249742115435
1741333410.4668853,-0.4032703847263911,-61.72447592912665,-0.48316448242508636
1741333410.49688,-0.403034488973114,-61.72422387162631,-0.4831657381488027
1741333410.526902,-0.4027721900845028,-61.72495273879088,-0.4833927801994191
1741333410.5668895,-0.40236107956716555,-61.726830009959585,-0.48359056489356167
1741333410.5968983,-0.4012196991907399,-61.726060817294,-0.4837693721094382
1741333410.626921,-0.4003456495864821,-61.72744525097829,-0.4846057712528981
1741333410.6669397,-0.39878699501332593,-61.72821914686943,-0.4848307871668583
1741333410.6968942,-0.3973789014318101,-61.72970909899575,-0.4849802538647452
1741333410.7268965,-0.3966664951797708,-61.72969515158284,-0.4844140070678845
1741333410.7669196,-0.39510902582297636,-61.73105204446528,-0.4843966540581554
1741333410.7968946,-0.3942233404672789,-61.73108916228087,-0.48438905513999014
1741333410.8291137,-0.39304300582958346,-61.73190241637575,-0.4840527389275605
1741333410.8669615,-0.39152065425465366,-61.733548429194045,-0.4839730432627351
1741333410.8968968,-0.39172840699630435,-61.73227858968833,-0.48386638351628
1741333410.926965,-0.39119061035384484,-61.73257129607433,-0.4828993097104186
1741333410.9669213,-0.391775119808682,-61.7318362252039,-0.48267174386557893
1741333410.9969065,-0.3922192306652157,-61.731555161474745,-0.48247793245507875
1741333411.0268893,-0.39262819381287106,-61.731609553241896,-0.4828195801863313
1741333411.0669134,-0.39426845904115804,-61.72927911261775,-0.48242618426387923
1741333411.096902,-0.395247878492301,-61.7285482456472,-0.48216295290599226
1741333411.126897,-0.3961979722949601,-61.72818678402309,-0.4829159391188732
1741333411.1669474,-0.397401709154619,-61.72823619465294,-0.4826808844872574
1741333411.1969066,-0.3982489165146943,-61.728638797004656,-0.4825530836517038
1741333411.2268867,-0.397785830954728,-61.72470668620209,-0.4851294938511661
1741333411.2669272,-0.3982339966721177,-61.724061806559554,-0.4849420336205792
1741333411.2969127,-0.39820443468645456,-61.722844050225405,-0.4847469528053538
1741333411.326882,-0.39822919825675274,-61.72224492811445,-0.48573616605234454
1741333411.3669245,-0.3979901729842415,-61.721573516477314,-0.4857145104750403
1741333411.3968823,-0.39774696064677634,-61.721421882963774,-0.4857914872429219
1741333411.426896,-0.3974661515441223,-61.721638095673995,-0.48660995401736784
1741333411.4669147,-0.39625597882388075,-61.721143517484144,-0.4867877003126099
1741333411.4969044,-0.3953956867080964,-61.72146393587474,-0.48698024771679066
1741333411.5268912,-0.3944360967572605,-61.72214764562449,-0.48683288693824783
1741333411.5669093,-0.3932621034841251,-61.721477604912046,-0.48694022677853305
1741333411.596947,-0.3921867389593078,-61.72212664977919,-0.48708846794038346
1741333411.6269143,-0.3917267983121702,-61.721782263500124,-0.4867463676327818
1741333411.6668983,-0.3905740531009333,-61.72292817789824,-0.4870289524915381
1741333411.6969376,-0.39040177684884303,-61.72288159895058,-0.48737005511143705
1741333411.726946,-0.3896979706676864,-61.72421153535667,-0.4866060795675253
1741333411.7669713,-0.389771112633209,-61.725820250302554,-0.4870946232814082
1741333411.796963,-0.38909205879969827,-61.72856901074837,-0.4876318266324199
1741333411.8268929,-0.38791187536537897,-61.73264827478302,-0.4840857854338683
1741333411.866949,-0.3875766493506398,-61.73623815572194,-0.48493430175427726
1741333411.8969247,-0.3862112251776505,-61.742275692329166,-0.48592794526395433
1741333411.926919,-0.38627305149535157,-61.74667961745886,-0.4783275114910803
1741333411.9669383,-0.3845781754178212,-61.75765295978355,-0.47964023197337696
1741333411.9968956,-0.3857406864115368,-61.76084409328718,-0.4800636730414648
1741333412.0269434,-0.38449362866834597,-61.76897292620145,-0.4782130489783929
1741333412.0668821,-0.38206551232186875,-61.78284561756731,-0.47919081431191207
1741333412.096906,-0.3842968046702668,-61.7857393826318,-0.4788090994306823
1741333412.1268885,-0.38242711380395933,-61.7959636286689,-0.47759126831578713
1741333412.1669142,-0.3828700780720096,-61.80654947193301,-0.4777109676987473
1741333412.1969523,-0.38044415534759213,-61.81851823381167,-0.47780400726446437
1741333412.2269125,-0.37750882455717455,-61.83281137938438,-0.47708746062056856
1741333412.2669375,-0.37793559013879907,-61.84093384017284,-0.47600392048831724
1741333412.2969155,-0.3737739569543761,-61.85491705027606,-0.4755866901873797
1741333412.3268974,-0.37530996274686895,-61.86184069408975,-0.47566617984144915
1741333412.3669462,-0.36878690728961244,-61.88161587752146,-0.4746742047990128
1741333412.3969414,-0.3631542258258899,-61.89946626512744,-0.4743703549367404
1741333412.426917,-0.3624712187793691,-61.90556498977599,-0.47552459420701765
1741333412.466891,-0.35294931479033514,-61.92911107551853,-0.47418736757104013
1741333412.496923,-0.3540891139279795,-61.93682824568818,-0.4723786895441949
1741333412.526936,-0.3462667691847933,-61.95502220480886,-0.475262846347808
1741333412.5669398,-0.3476263355883643,-61.9675609557026,-0.47150064309654766
1741333412.5968826,-0.3397333870153042,-61.98580144411191,-0.4684930290543413
1741333412.6269174,-0.331030492882105,-62.006499916147035,-0.47521792273010566
1741333412.6669495,-0.33044797451025953,-62.01906084540285,-0.4707519925900668
1741333412.6969645,-0.32095743217274975,-62.03924296233168,-0.4676383483648866
1741333412.7268965,-0.3229200877221463,-62.04606434948147,-0.4786928973210562
1741333412.7669396,-0.308726275731416,-62.07085239095505,-0.4741245691133282
1741333412.796897,-0.312410546816041,-62.0789082904762,-0.4710451393328978
1741333412.8269634,-0.30237194565907227,-62.09757294951124,-0.4807773650564185
1741333412.8669577,-0.28756381448576895,-62.125352806937784,-0.47506110187711975
1741333412.8969223,-0.2903974021466795,-62.13041793332137,-0.47106817874969475
1741333412.9269147,-0.27930109001349246,-62.149158748812624,-0.48460551633961957
1741333412.9669137,-0.2806408637133258,-62.16379018843855,-0.47849334430855794
1741333412.9968915,-0.2706261098928975,-62.18266450148517,-0.4736393857964136
1741333413.0269089,-0.26020520438319833,-62.20288704487025,-0.4908778191111897
1741333413.0669012,-0.2612451166804037,-62.21542676689806,-0.4845174081654203
1741333413.0969017,-0.25124085129557133,-62.23371655059802,-0.4794689367012698
1741333413.1269171,-0.2557419056753619,-62.240938647596515,-0.5051675890183309
1741333413.1669328,-0.24358250071157186,-62.26236484071415,-0.4984504722911049
1741333413.1969619,-0.23422365575926912,-62.27895159176086,-0.49314109085653635
1741333413.2268553,-0.24150234038166538,-62.28262764553841,-0.5040655992643203
1741333413.2669604,-0.23134471707222634,-62.30059188145915,-0.4971374369862404
1741333413.2968934,-0.23606804322088623,-62.30610995528262,-0.4943341344273211
1741333413.326891,-0.22998477571934536,-62.31708588896839,-0.5023818892867047
1741333413.3669116,-0.22874129538905572,-62.327902361101145,-0.4977062676885387
1741333413.3968887,-0.22373701649583322,-62.337022062405765,-0.4938739744184282
1741333413.4269319,-0.21905153672940356,-62.345201180988816,-0.4998926709339522
1741333413.4669135,-0.22007243938343138,-62.35520122648446,-0.4959781037711001
1741333413.4968963,-0.21778419834415386,-62.361680417526635,-0.49272595052323864
1741333413.5320213,-0.2167263012986819,-62.36933992744638,-0.4887291477694532
1741333413.5669186,-0.21621725789141782,-62.374366451954394,-0.4857001914551985
1741333413.5969634,-0.21663606699484703,-62.37661831023795,-0.48322964129811297
1741333413.6269007,-0.21411989196075643,-62.38396492355513,-0.5169132420231526
1741333413.666938,-0.2165877131887985,-62.38617032186896,-0.514739779298349
1741333413.6968997,-0.21479278791470788,-62.3914338313933,-0.5128497155091843
1741333413.7269042,-0.21745578126617007,-62.39212319987043,-0.523047484681621
1741333413.7668958,-0.21795739598371533,-62.39645980899232,-0.5217139517035992
1741333413.7969382,-0.22117928220300972,-62.39637062911643,-0.5213552384447303
1741333413.8269083,-0.22556789250551287,-62.39368778963477,-0.5283919557807478
1741333413.8669517,-0.2252626058864897,-62.398734364773176,-0.5279182688630228
1741333413.8969288,-0.22927379764053754,-62.39624153927079,-0.5283968509644101
1741333413.9268942,-0.23454226483370674,-62.390995713355935,-0.5291291583882224
1741333413.9669497,-0.23275692805219375,-62.39640072162003,-0.5294047095752614
1741333413.9969687,-0.2367483608027793,-62.3920948923268,-0.5304832514462133
1741333414.0269089,-0.23582566961896667,-62.393413773764955,-0.5358181306687171
1741333414.0669599,-0.2397029968298235,-62.38771206595603,-0.5373626232112688
1741333414.096959,-0.23886427924719542,-62.38847007668514,-0.5378237935063369
1741333414.126914,-0.2407831884535555,-62.38529475263933,-0.5338713822135049
1741333414.1669228,-0.24080680060149723,-62.3841096797803,-0.5357445401932682
1741333414.1969624,-0.24223387797332452,-62.38130836583164,-0.5375763640770548
1741333414.2269728,-0.24438902059624615,-62.37660773610094,-0.5283302415699672
1741333414.2669284,-0.2427187541228272,-62.37904182990196,-0.5309796431244679
1741333414.2969272,-0.24374998190439093,-62.37671673794539,-0.5332353783271749
1741333414.3269691,-0.24525349014574585,-62.3730887839543,-0.52198970429303
1741333414.3668892,-0.24352267156982735,-62.37682142751657,-0.5255132786072679
1741333414.396951,-0.24413816735318974,-62.375434952434304,-0.5282860957993414
1741333414.4269075,-0.24230435101469056,-62.37841404085067,-0.5065851174923852
1741333414.4668877,-0.24204408432437496,-62.3786388661987,-0.5110047255560024
1741333414.496906,-0.24197387002411597,-62.37838249854753,-0.5144073820328147
1741333414.5269377,-0.24022155378872354,-62.382618628749825,-0.49361781003183525
1741333414.566966,-0.23945479039111853,-62.384659127214846,-0.49788228411419855
1741333414.5969565,-0.23901429821725387,-62.38740106231609,-0.5007685516909902
1741333414.6269095,-0.23838455182290463,-62.39013418559368,-0.48748897966917676
1741333414.6669612,-0.23864491393930334,-62.39235676457105,-0.49104946652319875
1741333414.696906,-0.23815994978846503,-62.395338139403336,-0.4937947103606984
1741333414.7335958,-0.24004525424793854,-62.39489086892155,-0.47799293460072356
1741333414.766903,-0.24040669505006954,-62.3963592123914,-0.4801135342985177
1741333414.7968836,-0.24048915171836283,-62.398460854401876,-0.48201559652158144
1741333414.826903,-0.24356912850204862,-62.395617820050205,-0.4691772049630614
1741333414.866956,-0.24473428817896625,-62.39700889592734,-0.4707848965755357
1741333414.8969219,-0.24680369649517134,-62.393099977934384,-0.47052303340547985
1741333414.9269297,-0.24802192326310638,-62.39245656593927,-0.4689218961653929
1741333414.966903,-0.25008533389490334,-62.38921176113132,-0.468398226013297
1741333414.996958,-0.2512665675159404,-62.38762676351466,-0.46788453781030404
1741333415.0269291,-0.2522960787228873,-62.3870537728316,-0.4785110765300991
1741333415.066904,-0.25442136265860427,-62.38112106911458,-0.4768820004135023
1741333415.096924,-0.2551822465827366,-62.37939986810826,-0.4757993954447624
1741333415.126909,-0.25686191678778003,-62.376163094054185,-0.4790819728518126
1741333415.1668901,-0.2575845148450537,-62.374735988910636,-0.47758855283862156
1741333415.198534,-0.2590432972431358,-62.372071992425724,-0.476622988656977
1741333415.2269027,-0.25956360201809886,-62.371427147221944,-0.4852833354411659
1741333415.2669523,-0.25998282840081105,-62.37271532944355,-0.4844656297970616
1741333415.2969222,-0.261519702905696,-62.36948694065919,-0.4834940783330091
1741333415.3268924,-0.2620786896705982,-62.37014896370892,-0.48552885247014504
1741333415.3669508,-0.26259184362982724,-62.371357860511296,-0.48515029860230163
1741333415.3969705,-0.2626792722167209,-62.37430838574793,-0.48519350557297386
1741333415.4268982,-0.2625544805773189,-62.379040264961326,-0.4834193073773305
1741333415.4669733,-0.2630211816666993,-62.37825124281289,-0.48311097815365106
1741333415.4969041,-0.26276465617004735,-62.381958737125295,-0.48299515742438387
1741333415.5269086,-0.26324179216648463,-62.381522543154055,-0.4832033547417382
1741333415.5669057,-0.2628937600778872,-62.38535805854348,-0.48254594880187696
1741333415.5969517,-0.262592532658798,-62.38972807342618,-0.48200108974083
1741333415.6269157,-0.2629696329972787,-62.3850006884287,-0.4859290591353232
1741333415.6668704,-0.2627497873547365,-62.38815119374971,-0.48496448392274805
1741333415.6969078,-0.2622751144689958,-62.38570599298347,-0.4840092358338682
1741333415.7269082,-0.2618707968136958,-62.3871442595074,-0.4897693056950744
1741333415.7669647,-0.2614149204891292,-62.39085334776908,-0.48853559823107945
1741333415.7968931,-0.2603994522333319,-62.38617029012781,-0.4875812635412284
1741333415.826904,-0.2598313159515007,-62.38731486627497,-0.4916612085853657
1741333415.8669457,-0.2584015148601118,-62.38554618996714,-0.49040750409691947
1741333415.8969128,-0.2576003377725525,-62.38641823931062,-0.48944023984205565
1741333415.931407,-0.2565372984974254,-62.384389133129936,-0.49357925318754975
1741333415.966956,-0.25549304481120044,-62.384332584940935,-0.492755110843397
1741333415.999299,-0.25445610720763945,-62.38370867067713,-0.4922223301047628
1741333416.0269778,-0.2535477775252938,-62.38380764219731,-0.49658681214872935
1741333416.066882,-0.2523949468679846,-62.38498137167439,-0.4959985360692967
1741333416.096917,-0.2509866487469796,-62.38394823793681,-0.4957942893215139
1741333416.1269884,-0.24993540937486156,-62.384542361958346,-0.4973986095817839
1741333416.1669188,-0.2478124804726225,-62.385321106733336,-0.49721014771258476
1741333416.1969593,-0.2462575893568462,-62.386500088947884,-0.4971460501117654
1741333416.226923,-0.2448236216540362,-62.38825142324654,-0.497818989959735
1741333416.2669203,-0.24177035016149406,-62.3907467225938,-0.498030283954747
1741333416.2969055,-0.23988306991552544,-62.3936425522477,-0.4983181383904161
1741333416.3277485,-0.23710566559976434,-62.39643497087528,-0.4983349391472653
1741333416.3669195,-0.23391732740873972,-62.401716641522306,-0.49880602745259667
1741333416.3969107,-0.23156539417162164,-62.4069173385113,-0.49938845217942784
1741333416.4269557,-0.22899523774113748,-62.41184695257154,-0.49872370725264487
1741333416.4669514,-0.225836040707823,-62.42123955949435,-0.4996486306777737
1741333416.496991,-0.22349605910708578,-62.427495964555725,-0.49977088325945934
1741333416.52693,-0.2211767960396904,-62.43625822747693,-0.49829930676227385
1741333416.5668921,-0.2183673041780678,-62.44542761069472,-0.49862811793403855
1741333416.5969114,-0.21585440432883266,-62.45501127265627,-0.49886516227507366
1741333416.626975,-0.21351241196706683,-62.46597973473529,-0.496074761992705
1741333416.6669245,-0.2110614191032455,-62.474529583082145,-0.49609779759110767
1741333416.6969082,-0.20828917672360625,-62.48557924392609,-0.49611719404636695
1741333416.7269182,-0.20560327291078864,-62.49818554396252,-0.496022739044636
1741333416.7669442,-0.20447261104518843,-62.50510283220826,-0.49515648710162646
1741333416.7968678,-0.20153713969799783,-62.51765072337824,-0.4946851380611206
1741333416.8269033,-0.20177386142409234,-62.52051508944973,-0.4956971226418941
1741333416.8669581,-0.19758215498807682,-62.53681673765194,-0.4946049398202989
1741333416.8969307,-0.19733886392345018,-62.542776744363586,-0.4938354610260331
1741333416.9268975,-0.19431905928824314,-62.55575578884675,-0.4957613960161165
1741333416.9668872,-0.19029589692962068,-62.575602078179855,-0.4946432642992089
1741333416.9969146,-0.1894404099938524,-62.57686662692242,-0.4927956151429299
1741333417.0269055,-0.18565621003563693,-62.590437850890204,-0.4956489950597695
1741333417.0669308,-0.1837737443449399,-62.59901533417099,-0.4936096244166399
1741333417.0969062,-0.1794044050205039,-62.61195647219516,-0.4920920303037903
1741333417.1269531,-0.17939901958410118,-62.617374397116315,-0.4954818154347108
1741333417.1668966,-0.17351689219307223,-62.63401517170177,-0.49291128954711916
1741333417.1969373,-0.16892210157996868,-62.648220208692315,-0.49113881373464413
1741333417.226971,-0.1687630514740768,-62.65339712099935,-0.49701186108673717
1741333417.2669315,-0.16240538543704827,-62.67186572412209,-0.4945496894175976
1741333417.296909,-0.1573399846767876,-62.68736297489629,-0.49281122856251963
1741333417.3269026,-0.15853088038752292,-62.689070349792445,-0.5029373355704301
1741333417.366933,-0.1514248766763746,-62.70745711889854,-0.5000077004924354
1741333417.3969724,-0.14575685556330698,-62.72283556134459,-0.4978563616663662
1741333417.426894,-0.14638180715995616,-62.72606971439692,-0.503230368413261
1741333417.466915,-0.13860996018860433,-62.745430669140156,-0.5006631806508542
1741333417.4969234,-0.1325388392783972,-62.76165398346593,-0.4988632147437153
1741333417.5293517,-0.13385243922263007,-62.76537812972012,-0.5040567567444807
1741333417.5669546,-0.12607916914944442,-62.78349500867063,-0.5018329783177727
1741333417.5969427,-0.1195604038909242,-62.799470786029,-0.5001499295850831
1741333417.6269076,-0.11277925760916889,-62.81673876005913,-0.5043448366122338
1741333417.6668878,-0.11459371892763877,-62.8199502099147,-0.5017226909926246
1741333417.6969256,-0.10787337918884655,-62.83491323673578,-0.49979751781200243
1741333417.7269726,-0.10096480587303111,-62.85116066854507,-0.5044588663365277
1741333417.7669156,-0.10444156280513332,-62.85716884989879,-0.5022303115227835
1741333417.79694,-0.09819633243034105,-62.87147441304678,-0.5003034797750949
1741333417.8269022,-0.09167409272752192,-62.886808755439446,-0.5047619475300242
1741333417.8669102,-0.08243810753056773,-62.90893437241414,-0.5023208336068749
1741333417.896911,-0.080940888900309,-62.89416975264722,-0.5033981463250498
1741333417.926919,-0.07113086665893636,-62.903213807437815,-0.5054426612744429
1741333417.9668944,-0.05793938808114522,-62.916694918736994,-0.5046022933982575
1741333417.9969585,-0.06586650346483719,-62.926697693357625,-0.5018832998141076
1741333418.0269961,-0.060724032754130366,-62.94026738180345,-0.5051902165087174
1741333418.0669444,-0.053567037802212385,-62.95946977344054,-0.5028208612304208
1741333418.0969532,-0.052368250719567536,-62.96757932014189,-0.5026042184033725
1741333418.1268952,-0.04663654838339877,-62.981684027580265,-0.5065364193314035
1741333418.166912,-0.03857022640247751,-63.001771826946715,-0.5051938587346503
1741333418.1969247,-0.03949100146970922,-63.009182556979084,-0.5035243472029245
1741333418.226913,-0.03392443988504928,-63.02359197756869,-0.5102953021524045
1741333418.2669432,-0.02599788859037538,-63.04398905217504,-0.5086458871106885
1741333418.296936,-0.01972187221330741,-63.06011269857486,-0.5075678192427401
1741333418.3269806,-0.021365569026795383,-63.06321334614793,-0.5123261709900606
1741333418.3668902,-0.013321039400886919,-63.08217210655447,-0.510213966026439
1741333418.3969371,-0.01263013136620986,-63.09046219480706,-0.5096779617656884
1741333418.426897,-0.006649048457810015,-63.103892610032354,-0.5142331851658123
1741333418.4669352,0.0015089739605052487,-63.12280006983091,-0.5126382174144942
1741333418.496898,0.007741600413327806,-63.13760762180424,-0.5114906896314471
1741333418.5269287,0.007797912808685901,-63.14514300578701,-0.5152758292450992
1741333418.5669663,0.015598943324189896,-63.16367624358342,-0.5130805873524306
1741333418.596923,0.021573781763972347,-63.17818985264137,-0.5114824639528475
1741333418.6269238,0.021692360615208586,-63.187952518238106,-0.5157492035215695
1741333418.6669338,0.02878328456869602,-63.20697768458592,-0.513540620319446
1741333418.6969244,0.03416803514218048,-63.22168611317966,-0.5118862784125058
1741333418.7313268,0.036960569095330804,-63.23488693414001,-0.529029929675702
1741333418.7669601,0.04318247300273125,-63.25189803919915,-0.5272322896087509
1741333418.7969375,0.04843214630801303,-63.26662132818518,-0.5257689635207785
1741333418.829034,0.04994337739925742,-63.27891597572929,-0.5286964400914098
1741333418.8669071,0.056017777486190745,-63.2971788429807,-0.5267910704980578
1741333418.8969133,0.060855106539906986,-63.31199386851748,-0.5252951613672633
1741333418.926921,0.06564066126332858,-63.32704510981273,-0.5285840142145115
1741333418.9668922,0.06758492893777913,-63.34268134922883,-0.5263018361919166
1741333418.9969492,0.07186721345055506,-63.357201620107276,-0.5245657636587886
1741333419.0268953,0.07610266749707587,-63.37179112685729,-0.5293943747287362
1741333419.0668998,0.07895560368429687,-63.388518055198944,-0.5275598887777796
1741333419.096929,0.0831215527398223,-63.40290768136032,-0.5261375452848589
1741333419.1268997,0.08722098445750057,-63.41729235833311,-0.5338891048889192
1741333419.1669247,0.09340616801901655,-63.43548915536819,-0.5326148612423323
1741333419.1969018,0.09800754860147597,-63.44961104180215,-0.5316931047398492
1741333419.226953,0.10256023497882832,-63.46377078745308,-0.535977372736845
1741333419.2669413,0.10790913667100084,-63.481590824379836,-0.5346407718005013
1741333419.2969096,0.11237167885953576,-63.495403695859096,-0.5336123635216429
1741333419.326954,0.11664625086874297,-63.50913770670154,-0.5468139112883692
1741333419.3669407,0.12238029874837393,-63.527482417202485,-0.5454497888487637
1741333419.3969011,0.12655459526538604,-63.54301086820001,-0.5449521781915384
1741333419.4269242,0.13058868144801117,-63.55728303141579,-0.5469636114621536
1741333419.466943,0.13599537334897285,-63.57623393140984,-0.5459319040651706
1741333419.4969306,0.13785015903350767,-63.58960780259416,-0.54487597003594
1741333419.5269725,0.14126256638184612,-63.603689305616456,-0.5479685077440499
1741333419.5669367,0.14569809545137852,-63.62236229239435,-0.5467761189660587
1741333419.5969348,0.14895023736620222,-63.636317061497245,-0.5459258620026072
1741333419.6269007,0.15468714937216488,-63.65373253958189,-0.5522802274837071
1741333419.666901,0.15934129668716623,-63.67333088848077,-0.5520918920334129
1741333419.6969118,0.16283136036280238,-63.68799225215978,-0.5520321511360918
1741333419.7269223,0.16746720329219858,-63.70456032165619,-0.5532801849541265
1741333419.7668939,0.17202234002542374,-63.72461183552371,-0.5528263397906636
1741333419.7969048,0.17546351190022774,-63.73963280643793,-0.5525034932129428
1741333419.8269255,0.18097983501943865,-63.75557791473242,-0.5662499127477517
1741333419.866918,0.18620482309294173,-63.7755160863309,-0.5658962107438498
1741333419.8969326,0.19010754560983273,-63.79048747834054,-0.5656535704166564
1741333419.926944,0.19547919271019445,-63.805837325008746,-0.5633557154532801
1741333419.9668944,0.2011893404391277,-63.82557517746968,-0.5630445654400686
1741333419.9969294,0.2055282041340927,-63.840447325405655,-0.5628059033533516
1741333420.0269203,0.21008837956027224,-63.85634123194145,-0.5632846935894747
1741333420.0669053,0.21579048497007675,-63.87694695862882,-0.5629894717460558
1741333420.096943,0.220050703791241,-63.89265129264844,-0.5628034874044601
1741333420.1269593,0.22414799234984134,-63.90851805832493,-0.5693202926139982
1741333420.1669054,0.22950508629337799,-63.92879094603695,-0.5687092479049044
1741333420.1968956,0.23359326156808974,-63.94484309485515,-0.5683076848722672
1741333420.2268972,0.2376517561954822,-63.961138571938434,-0.56858650658317
1741333420.2669098,0.240653353448125,-63.981156093586094,-0.5672700544474214
1741333420.296931,0.24426416335284562,-63.99767032493795,-0.5662815461362263
1741333420.326898,0.24780917974635638,-64.0144547717711,-0.5688924347826595
1741333420.36694,0.25257373806465255,-64.03747998647373,-0.5675705937661222
1741333420.396945,0.2572795662108548,-64.0498265981492,-0.5674963405451529
1741333420.4268968,0.26183848220195816,-64.06627845686184,-0.5715696727930092
1741333420.4669623,0.2681407178802959,-64.0889017103397,-0.5707580372891496
1741333420.4969342,0.2716951269031647,-64.10385171986434,-0.5701772913541434
1741333420.526894,0.27660733746861543,-64.12099759923318,-0.5735105896780671
1741333420.5669422,0.2833037722982508,-64.14462913928556,-0.5727895574251097
1741333420.5969222,0.2839351703376593,-64.15656067163415,-0.5713672162377225
1741333420.6269047,0.28858718517644083,-64.17378496462749,-0.574367684015413
1741333420.666889,0.294765306876834,-64.19753208706479,-0.5729796885303814
1741333420.6969278,0.2947364132487235,-64.20930607331333,-0.5711555913376831
1741333420.7268949,0.2990230444490057,-64.22651993735782,-0.5753850863038741
1741333420.7669542,0.30502573884868006,-64.25021496009192,-0.5732936413874237
1741333420.7968986,0.3095301635433036,-64.26285061587559,-0.572416681717831
1741333420.8269072,0.3151041161694213,-64.27959665827372,-0.5796494790131957
1741333420.8669002,0.32269439947393436,-64.30261369481867,-0.5779469480116713
1741333420.8969133,0.3227700885614621,-64.31558731043683,-0.5763512413543701
1741333420.9268992,0.3275301190051626,-64.33291432307749,-0.5804945046198767
1741333420.9669685,0.3339518834742981,-64.35673816417204,-0.5782505629916606
1741333420.9969802,0.33638272184256485,-64.36974039698572,-0.577041448657677
1741333421.0269375,0.3414788191984011,-64.38689141947485,-0.5814482788289504
1741333421.0669482,0.3483698154910494,-64.4104594683479,-0.5793293410235748
1741333421.0969012,0.3535170391564551,-64.4285325491883,-0.5777130866172608
1741333421.1269324,0.35401701113691053,-64.43841230935145,-0.5866523953131947
1741333421.1669703,0.360915576931356,-64.46103348060758,-0.5845148155121727
1741333421.1969602,0.3660933490353008,-64.47833606439927,-0.5828938273128517
1741333421.2269063,0.36583601878660676,-64.49214510400314,-0.5883609258130116
1741333421.266893,0.3718166234925909,-64.5157391741679,-0.5866598261029232
1741333421.296906,0.3764251986375901,-64.53374424699811,-0.5853896733411018
1741333421.3268902,0.38107506233954447,-64.55192425706139,-0.5884057860879696
1741333421.3669496,0.38748493395483924,-64.5766489728206,-0.5867623622948945
1741333421.396953,0.392334356485047,-64.59545392115457,-0.5855308752945896
1741333421.4268951,0.3971081010642724,-64.61439473347549,-0.5891904949927426
1741333421.466898,0.40362066063972846,-64.64016009058379,-0.587552615721243
1741333421.4969306,0.40856387564563146,-64.6597709443961,-0.5863340171394046
1741333421.5268948,0.4134564111423834,-64.6794747220791,-0.5901276335883888
1741333421.5668855,0.4201926094704471,-64.70623730451992,-0.5886183410329183
1741333421.5969107,0.4252734667585763,-64.72661027538622,-0.5875338506733022
1741333421.626895,0.423558623144439,-64.73312230070341,-0.5948033374985717
1741333421.6669407,0.42961794048527663,-64.75896453011748,-0.5930878025809665
1741333421.6969037,0.43411107299583707,-64.77862626665762,-0.5918881412925151
1741333421.7269418,0.4303615931912061,-64.78918598044474,-0.5944907124181591
1741333421.766931,0.43600186642647076,-64.81420669557144,-0.5929322652087687
1741333421.7969549,0.4403354307480934,-64.83332815172433,-0.5917713189999554
1741333421.8269272,0.4376665701597326,-64.8435498773686,-0.5966872854970289
1741333421.8669705,0.4434754333645612,-64.86775310572745,-0.5952342407266974
1741333421.8969557,0.4478005123988984,-64.88632132835909,-0.5942003163802262
1741333421.9269013,0.45192544455689737,-64.90512808568043,-0.6002143016361687
1741333421.9668918,0.4531609280256073,-64.92417533546286,-0.5992494320545428
1741333421.996959,0.4573512593719631,-64.94288713289245,-0.5984605242936992
1741333422.0269082,0.46154257722317776,-64.96174762417535,-0.6020812422283011
1741333422.0669262,0.45853156069422674,-64.9772107045478,-0.6003095213926881
1741333422.0969255,0.4624983143152259,-64.99506500131892,-0.5989676882373582
1741333422.1269217,0.46654917471468804,-65.0131727322387,-0.6018184202085038
1741333422.1669135,0.45806786609710226,-65.02840629455044,-0.5980864703363377
1741333422.1969078,0.4597854004549831,-65.04649303280385,-0.5951443706171176
1741333422.2269247,0.46144827356382034,-65.06488617823335,-0.6013003127573228
1741333422.2669094,0.46456990466874915,-65.08525632277815,-0.6002916643964865
1741333422.2969265,0.46844740974022003,-65.10302427575664,-0.5996921111940976
1741333422.326898,0.4723615993147651,-65.12118200749703,-0.6013227672565349
1741333422.3669336,0.47773313729033656,-65.14618241338833,-0.6006453993914268
1741333422.396906,0.48127810044184327,-65.16013787767484,-0.600175266125893
1741333422.4268997,0.4860509653576483,-65.17831744648531,-0.6013474861810767
1741333422.4669027,0.4924971886467394,-65.20339639842618,-0.60079625268985
1741333422.4969137,0.49432716067931604,-65.21825053345864,-0.599883141799142
1741333422.5268915,0.4991389323791238,-65.23708801655764,-0.6006297534682677
1741333422.5669112,0.5057399350306435,-65.26311833803828,-0.5997513438050238
1741333422.5969596,0.5055344235527742,-65.27487625516623,-0.5983259262763998
1741333422.626952,0.5106169476531345,-65.29352983168671,-0.6004267579481859
1741333422.6669586,0.5175190816941786,-65.31941610627442,-0.5988669313681245
1741333422.6969297,0.5227066666224232,-65.33954855110493,-0.5977438160690423
1741333422.7269166,0.5225452610842942,-65.3480268424543,-0.6017026810314744
1741333422.7669363,0.5300666356590056,-65.37296951250022,-0.599725027667667
1741333422.7969491,0.5358930644297912,-65.39237738922357,-0.5982705172400824
1741333422.8269205,0.5330090336956899,-65.40295008255805,-0.6015258809011905
1741333422.866966,0.5400364813668824,-65.42836393600648,-0.5990372215269981
1741333422.8969064,0.5453910183896754,-65.44801773986684,-0.5971439460260397
1741333422.9268904,0.543124036950528,-65.45807209220135,-0.6018282168567619
1741333422.9669178,0.5500681413896142,-65.48332984384113,-0.599467951045841
1741333422.9969666,0.5553672977671303,-65.50291625755621,-0.5977010614207188
1741333423.0269113,0.5561691593983757,-65.51540773723366,-0.6022608577816494
1741333423.066935,0.5635918181492308,-65.5406369629289,-0.6002446911578859
1741333423.0969324,0.5692480663398494,-65.56018854168042,-0.598808314189466
1741333423.1269474,0.5748937728434853,-65.58024152270599,-0.6034472430247684
1741333423.166947,0.5766797344380405,-65.59557139609896,-0.6016752862113296
1741333423.1969206,0.5826696413681445,-65.61444567379061,-0.6003403523712061
1741333423.2269728,0.5886135243298418,-65.6339140312276,-0.6040419325076283
1741333423.266912,0.5894111316880791,-65.65313134154223,-0.6021954004686472
1741333423.29692,0.5949264924345845,-65.67274723714384,-0.6008274466793588
1741333423.3269465,0.6005060750067814,-65.69289615816166,-0.604349330405989
1741333423.3669455,0.6008201758920142,-65.7098591979155,-0.6020926470928184
1741333423.3969657,0.6063628848721285,-65.72910686858084,-0.6004787228390288
1741333423.4268982,0.6118733948764565,-65.7488148170375,-0.604073333626889
1741333423.4669526,0.6142025988509477,-65.76868478304557,-0.6021193349551747
1741333423.4969037,0.6198261012536035,-65.78824112885738,-0.6006385666752759
1741333423.5269074,0.6255229270140708,-65.80830599363792,-0.6046322552944042
1741333423.5668635,0.6258432125335105,-65.82438923168151,-0.6024450848699195
1741333423.5969224,0.6318168805662246,-65.84317609897671,-0.6007228211822675
1741333423.626904,0.637820350129486,-65.86242456831438,-0.604691549263481
1741333423.666929,0.6376637206280998,-65.88094060928219,-0.6028284495521579
1741333423.6969035,0.6432299213120187,-65.90034686163553,-0.6013635511024132
1741333423.7268958,0.6488460809009561,-65.92037026029246,-0.6050731114777672
1741333423.7669282,0.6565618754241637,-65.94821422511399,-0.6032548365999726
1741333423.796896,0.6545790928297555,-65.95553877004836,-0.6015760769402339
1741333423.826972,0.6605234156912052,-65.97464458164004,-0.6050660436471955
1741333423.866935,0.6687054469410945,-66.0011217926812,-0.6028807818163474
1741333423.8969226,0.6695184875619501,-66.01283817730635,-0.6023936119117516
1741333423.9268963,0.6760584918252932,-66.0319532055095,-0.6075330782432439
1741333423.9669428,0.6849910406048698,-66.05878877561393,-0.6061134593197148
1741333423.9968936,0.6815549142127545,-66.06791496493686,-0.6043956781201165
1741333424.026902,0.6876132253536974,-66.08718290078508,-0.6037155527421784
1741333424.0668879,0.6958329184958735,-66.11420356637007,-0.6015216188095912
1741333424.0969274,0.7021468240848132,-66.13551724322039,-0.5998995652467802
1741333424.126951,0.6996321710407871,-66.14484812797596,-0.6034521986993282
1741333424.1669397,0.7079359242594786,-66.17251698122602,-0.6012875628213088
1741333424.1969366,0.7143096424692998,-66.19432327266136,-0.5996775970682401
1741333424.226914,0.712317917395317,-66.20282986381181,-0.6014027237464947
1741333424.2669458,0.7214911534896847,-66.22995931133907,-0.5991451806968363
1741333424.296929,0.7285968620509519,-66.25127147603888,-0.5975038359186914
1741333424.3269124,0.7253248361835783,-66.25939453988443,-0.59928689000074
1741333424.3668976,0.7348534447843261,-66.28604833460659,-0.5965231854978779
1741333424.3969698,0.7422474091674858,-66.30718247425746,-0.594521012946609
1741333424.4269114,0.7394966553101183,-66.31646993102916,-0.5993700081357086
1741333424.4669495,0.7491580226584904,-66.34379084235384,-0.5968502336312134
1741333424.4969316,0.7565436379204968,-66.3654583751488,-0.5950754999077451
1741333424.5269117,0.7525348944847442,-66.37434952101094,-0.5983396277284526
1741333424.5668914,0.7620246543996494,-66.40214160085911,-0.5953777576867016
1741333424.5969508,0.7694345513462906,-66.42425510387322,-0.5932023238304046
1741333424.626992,0.7651794917550598,-66.4298761042025,-0.5978012552259145
1741333424.6669683,0.7756220015243235,-66.45631940761945,-0.5945894629852252
1741333424.696913,0.7835928722072181,-66.47744665821298,-0.5922509889075984
1741333424.7269197,0.7915875225984481,-66.4997073162484,-0.5963437515331734
1741333424.7669673,0.7886556364822436,-66.51140008827703,-0.5931792693533927
1741333424.796961,0.7963868991634329,-66.53236984977258,-0.5907627471770798
1741333424.8268936,0.8041086717530354,-66.55434384265628,-0.5962367094988208
1741333424.8669038,0.7995767754043086,-66.56878557132858,-0.5932841941451934
1741333424.8969302,0.8066978580275767,-66.59023687594257,-0.5908922396739272
1741333424.9268975,0.813839265775207,-66.61265745933555,-0.5962444219710402
1741333424.9669104,0.811850751345044,-66.62621787315653,-0.5931355384321879
1741333424.9969232,0.8196622295127685,-66.64686976481536,-0.5907423272835229
1741333425.026909,0.8277071896001008,-66.66848676121887,-0.5939710120042088
1741333425.0669422,0.8391014295230826,-66.69906909734186,-0.5911066004171175
1741333425.0969079,0.8332306632635262,-66.70380751524125,-0.5884592428227676
1741333425.126899,0.8413467674764801,-66.72545514831431,-0.5915290753416943
1741333425.1669092,0.8525024330020926,-66.75614963576545,-0.588383593212598
1741333425.1969202,0.851291431248918,-66.7624037827994,-0.5866862931426935
1741333425.2269492,0.8601920832624816,-66.78357466193548,-0.5915353641248886
1741333425.2669528,0.8723332610083668,-66.81358557139315,-0.5886995098870446
1741333425.2969568,0.8663451890993442,-66.81723419527712,-0.5859856728250541
1741333425.326896,0.8749811304004078,-66.83781137781173,-0.5913092485928934
1741333425.366952,0.8869270785278551,-66.8670718729497,-0.5878980582906703
1741333425.3969576,0.881264228139315,-66.87524425614893,-0.5856678590453605
1741333425.4269195,0.8889665582972043,-66.89653712785524,-0.5912741464628258
1741333425.4669478,0.8994789188355709,-66.92663283173668,-0.5875798399304565
1741333425.496977,0.9074436531876569,-66.95033980096133,-0.5848197982896348
1741333425.526978,0.898419356277436,-66.95101811331593,-0.5909749318901558
1741333425.5669563,0.9086089102623566,-66.97863463294738,-0.587017831480885
1741333425.5969641,0.9163936772630392,-67.00044167941554,-0.5841357658579514
1741333425.6269543,0.9091368616013323,-67.00413821802736,-0.590774006797854
1741333425.6669137,0.9191445701845483,-67.03038548431304,-0.5869358259853984
1741333425.6969018,0.9267560645240728,-67.05116546081534,-0.5841500623146956
1741333425.726916,0.9216012654133053,-67.05897075374098,-0.5909880024476094
1741333425.76692,0.9307683467541564,-67.08558121401904,-0.5875357162175346
1741333425.7969594,0.9377747452553672,-67.10651022739219,-0.5849929241805241
1741333425.8268905,0.9447647088446557,-67.12800518058582,-0.5909225758390005
1741333425.866919,0.9405587612034463,-67.14032798703565,-0.5872848485392591
1741333425.8969164,0.9470569154247614,-67.16038653678581,-0.5845432094200742
1741333425.9269538,0.9535630075483724,-67.18102084246667,-0.590674001311538
1741333425.966909,0.9498599368946945,-67.19400660936148,-0.5872896060846134
1741333425.9968982,0.9559341896075628,-67.21329082570028,-0.584676469891674
1741333426.0268986,0.9619765562979468,-67.23311305591835,-0.5906573132169076
1741333426.066949,0.960495863883689,-67.24885962409058,-0.5875974409896539
1741333426.0969102,0.9661918640726366,-67.26787379845571,-0.5851784359048716
1741333426.126971,0.9717668802657087,-67.2873879882115,-0.5940138714229358
1741333426.1669478,0.9688706572257159,-67.30328223036432,-0.5909325843575894
1741333426.1969445,0.973631495140981,-67.32203965870472,-0.5884926819063884
1741333426.2269168,0.9782447884919773,-67.3411253317763,-0.5957295171335694
1741333426.2669199,0.976136062983368,-67.35749884068616,-0.5925996609940638
1741333426.2969198,0.9801634435442537,-67.37562219333238,-0.5901400980303954
1741333426.3269346,0.9840126869015915,-67.39396567937246,-0.5978354488595725
1741333426.366942,0.9892572223135537,-67.41896902256944,-0.5946833662290385
1741333426.396894,0.9878119402533124,-67.43161409266766,-0.5933771556880519
1741333426.4268992,0.9912910109282191,-67.44970877370874,-0.5999229971279191
1741333426.4669635,0.996026989485327,-67.474207864443,-0.5973004384974101
1741333426.496911,0.9841173894255633,-67.48953233183978,-0.5924793386015318
1741333426.526915,0.9830292667511692,-67.50920392166441,-0.6014511206212712
1741333426.5669117,0.9817745323213669,-67.53569520804672,-0.5964686077059077
1741333426.5969048,0.9839536349718342,-67.5466795884688,-0.5971752488397231
1741333426.6269062,0.9859587762433354,-67.56366605965452,-0.6043765720327234
1741333426.6668997,0.9888253098432914,-67.58658204186715,-0.6024076446308002
1741333426.6969602,0.989169809942618,-67.6024477705909,-0.6020904609658719
1741333426.7269573,0.991137983833838,-67.61985553184473,-0.6060624631949956
1741333426.7669048,0.9937947903447014,-67.64337250460481,-0.605093360781373
1741333426.7979512,0.9939269561610463,-67.65947374346936,-0.6045264744923934
1741333426.8269181,0.9956954448263674,-67.67638330990192,-0.6071598489388872
1741333426.866965,0.9981730430025972,-67.70016902993511,-0.6062195708855458
1741333426.9003305,1.000365246448132,-67.71913566829474,-0.6060810143765707
1741333426.9269037,1.002375340186979,-67.73506127927415,-0.6081460304587583
1741333426.966947,1.0054451821540744,-67.7596243295916,-0.6077546892261411
1741333426.99689,1.0077241294219252,-67.77846720116884,-0.607502468643545
1741333427.0321252,1.0051629447981758,-67.79727860176895,-0.6082117180000263
1741333427.0669653,1.0067618685433457,-67.8199392834525,-0.607449682372223
1741333427.0969062,1.0082799193553642,-67.84006807240063,-0.6068232147114319
1741333427.1324608,1.005940066889758,-67.85542503605231,-0.6083155598826221
1741333427.1669424,1.0090006211214366,-67.8770821059593,-0.6076060332362592
1741333427.1969452,1.0117940234435239,-67.89677839554899,-0.6070590188601738
1741333427.226904,1.0146877322723324,-67.91728830058575,-0.6073962317727966
1741333427.2669597,1.0140083035529863,-67.93523652426832,-0.6068155192775349
1741333427.2969103,1.0175413680422885,-67.95531899230829,-0.6064092188128356
1741333427.3268943,1.0212352243606495,-67.9764773516098,-0.6029254186050873
1741333427.3669116,1.0175162309784398,-67.99078855329738,-0.6018688719104415
1741333427.3969,1.0216871756472619,-68.0106551277435,-0.6009900747906891
1741333427.426898,1.0259022986092359,-68.03168467415402,-0.5993824085792037
1741333427.4669604,1.017041705374534,-68.04603202836697,-0.5970582886071456
1741333427.4969313,1.0196666426013217,-68.06689328182718,-0.5951180903081609
1741333427.5269358,1.02244252538373,-68.08894014461123,-0.5858999752437544
1741333427.566888,1.026247264084257,-68.11993911214893,-0.583345090866779
1741333427.5969558,1.0188940737750924,-68.11528269124547,-0.5825873071078161
1741333427.6269226,1.023472020269371,-68.13459182571223,-0.5840367636310856
1741333427.6669526,1.0297654018256583,-68.16213853745624,-0.5817775139389751
1741333427.696909,1.019768982140864,-68.16349681247269,-0.580115995142924
1741333427.7268932,1.0236008742476623,-68.18225948205755,-0.5811268612761512
1741333427.7669194,1.02858498033028,-68.20845386495469,-0.5778409642037334
1741333427.7969255,1.0162037941857125,-68.20708224382739,-0.5760160059731344
1741333427.8268955,1.018961712604514,-68.22381115863561,-0.5758439789473323
1741333427.8669145,1.0227297050775632,-68.24683881915007,-0.5719142253373602
1741333427.896904,1.0106550960669092,-68.24417817354775,-0.5709360059877112
1741333427.9269314,1.0126910527973527,-68.25817319385237,-0.5740667861466414
1741333427.9669583,1.0154364884664995,-68.27715729247697,-0.57044375295019
1741333427.9969313,1.0075404267091264,-68.27592734670897,-0.5702630618689267
1741333428.0269043,1.0094839702739875,-68.2866327177778,-0.5686659832692851
1741333428.0669394,1.0121342728141454,-68.30059551797005,-0.565891113085484
1741333428.0969152,1.0141234039822884,-68.31062467306712,-0.5636383330093554
1741333428.1269279,1.0070952168093503,-68.31121058758795,-0.5685940426435021
1741333428.1669397,1.007900258292774,-68.32086866709946,-0.5665235231195899
1741333428.1969128,1.0083383022975796,-68.32700925707205,-0.5647040606505794
1741333428.2269678,1.0054995687156882,-68.32960620665507,-0.560418248378805
1741333428.2668834,1.0053081843174119,-68.33407862751092,-0.5596943010382516
1741333428.2969253,1.0050845806972128,-68.33563623148324,-0.5590138122839792
1741333428.3269193,1.0048323954572989,-68.33544369708363,-0.5492508991530555
1741333428.366896,1.0031083878161953,-68.34138188310453,-0.5505124414714372
1741333428.3968909,1.002049267848687,-68.3392983296638,-0.5515827954177854
1741333428.427128,1.0007659226024,-68.33952181705608,-0.5483647647068817
1741333428.4669664,0.9988283802791222,-68.33447255849542,-0.5500869083174157
1741333428.496976,0.9973038325051882,-68.32819268080063,-0.5518481052224189
1741333428.5268936,0.9956760256806023,-68.31992583496603,-0.5484327420985894
1741333428.5669,0.9965662104963834,-68.3259112884813,-0.5498116337203467
1741333428.596882,0.9955358531809357,-68.32051186639201,-0.551529813019135
1741333428.6268954,0.9944319234802249,-68.31328215645463,-0.5500858216034307
1741333428.6669064,0.9976814255852854,-68.31874558026055,-0.5509521274337164
1741333428.696903,0.9975869498578857,-68.31525131359957,-0.552127536096694
1741333428.7269526,0.9972303242735183,-68.31016884052383,-0.5520918796727521
1741333428.7669437,1.0004732061032007,-68.31449152713017,-0.5533214631996793
1741333428.7969513,1.0011593049962786,-68.31280671349906,-0.5545793925178587
1741333428.8269136,1.001609704207523,-68.30979435965575,-0.5458869678807889
1741333428.8669446,1.0018559441902957,-68.3038280826412,-0.5478736748965529
1741333428.8969328,1.005150704065394,-68.31406438968011,-0.5499955751721033
1741333428.9269106,1.0060825162145652,-68.3133146986438,-0.5432714771295903
1741333428.966969,1.0070234492236343,-68.31063865924762,-0.5458861683912886
1741333428.9968946,1.0096836961023743,-68.31794957396261,-0.5490599048925239
1741333429.0268955,1.0108473376946847,-68.31830863299143,-0.532695382148526
1741333429.066902,1.0123319987036279,-68.3173990945977,-0.5363360511401087
1741333429.0969448,1.0152900775491716,-68.32440805242106,-0.5393629880971359
1741333429.1269042,1.0168486475895764,-68.32602027027919,-0.5227571659449173
1741333429.1669128,1.018923413672441,-68.32708989455071,-0.5267791801779491
1741333429.196891,1.0204624381574783,-68.32720867461406,-0.5297615369843854
1741333429.226932,1.023465160888185,-68.33455640215585,-0.5067781278507619
1741333429.266965,1.0255760882902207,-68.337281774264,-0.5110722995264916
1741333429.2968903,1.0269900858815448,-68.3387733316188,-0.5142832851801921
1741333429.3277924,1.0282015657819852,-68.3419842474048,-0.5020257409481051
1741333429.366944,1.0294526253524936,-68.34414830034615,-0.5056130796098671
1741333429.3969505,1.0303643937295306,-68.34541768138229,-0.5083428685147157
1741333429.4269073,1.0301226739968543,-68.34551013460235,-0.49215879253769784
1741333429.4669583,1.0302977176227541,-68.34595754089695,-0.4951883051824594
1741333429.4969294,1.0302101788351807,-68.34626047369991,-0.49756732670431203
1741333429.5268881,1.0299503199046336,-68.34665168514623,-0.48652214392295406
1741333429.566973,1.0265090967009862,-68.34293599763122,-0.48807622825134533
1741333429.5968976,1.025105476667805,-68.34224131941711,-0.4895226152205201
1741333429.626967,1.023746323521399,-68.34192231388415,-0.4861997970832951
1741333429.6668956,1.0171997054229056,-68.33631502829765,-0.48608550288952435
1741333429.6969314,1.0143817456775357,-68.33506661546564,-0.4863815211478732
1741333429.7268987,1.0117471338462545,-68.33458127450695,-0.48901381356982215
1741333429.7669356,1.0052869033676044,-68.32804176796442,-0.48869273065731356
1741333429.796902,1.0022597259544503,-68.32668805677439,-0.48863070526775715
1741333429.8268971,0.9995642447932644,-68.32630251971976,-0.490279167945827
1741333429.8669593,0.9942167870616744,-68.32120802198978,-0.490078998675072
1741333429.8969111,0.9918639041192812,-68.32042814972715,-0.490022433203685
1741333429.926893,0.9899228841699675,-68.32076133706516,-0.49043676266452263
1741333429.9680088,0.9846820243528154,-68.3155794552038,-0.49027229775716535
1741333429.9968953,0.9828191383922938,-68.31498154536072,-0.4901622866338847
1741333430.0269456,0.981345127672384,-68.31568171951086,-0.49041976157337047
1741333430.066951,0.9801143804613914,-68.31882678973852,-0.4905753107239679
1741333430.0969348,0.9748412264214648,-68.31223560928346,-0.4903921248123549
1741333430.126917,0.9733722437220875,-68.31377454571637,-0.4898351209028212
1741333430.166958,0.9720955306180975,-68.31842336928882,-0.490286075915932
1741333430.1969628,0.9664891834170056,-68.31157046948945,-0.4900458474115806
1741333430.2269144,0.9646534872911283,-68.31289769606262,-0.4877339038807896
1741333430.2669506,0.9631648714366413,-68.31746406684503,-0.4881679356203267
1741333430.296919,0.9585425612010859,-68.31389464745813,-0.48844734504745246
1741333430.3269267,0.9570821107367684,-68.31624618545837,-0.48469505007515595
1741333430.366939,0.9561758899842997,-68.32237503414078,-0.48549419476897016
1741333430.3969111,0.9562670356135984,-68.32925396059716,-0.4863294360958698
1741333430.4269047,0.9508264682006637,-68.32228664876331,-0.4838815307610674
1741333430.4668946,0.9503420891693101,-68.3290216565018,-0.4844810537810864
1741333430.4969025,0.9507961831061027,-68.33651226511161,-0.48507664325805483
1741333430.5320058,0.9453957072581277,-68.33100519577415,-0.48151850941394353
1741333430.5669389,0.9447515215653375,-68.33593528768665,-0.48156167048024306
1741333430.596933,0.9447086870633659,-68.34249276555607,-0.4817513719955792
1741333430.6313517,0.9413689571520722,-68.34140168607269,-0.4811696269636502
1741333430.6668947,0.9410970217261465,-68.34707193608672,-0.4809266982418107
1741333430.6969295,0.9412305590710413,-68.35416103337762,-0.48099078191231565
1741333430.7341745,0.9387463559112172,-68.35440311524795,-0.4804824101834524
1741333430.7669463,0.9388439261309817,-68.36015628154544,-0.4798067977539291
1741333430.796944,0.939266256631534,-68.36748419928074,-0.47945336145439
1741333430.8191535,0.9397965915644086,-68.37415130340979,-0.4808467960865895
1741333430.8669405,0.9371136301745338,-68.37427649541493,-0.4794050894166968
1741333430.8969767,0.9378309602146907,-68.38049702173016,-0.4785107148687174
1741333430.9268963,0.9389376906170237,-68.38854912035079,-0.481731340466969
1741333430.9669225,0.9379627277134586,-68.39165990524576,-0.4803304840672417
1741333430.9969697,0.9394592347878477,-68.39970203271331,-0.4795325664397683
1741333431.0269723,0.9411805179170755,-68.40946298738587,-0.48340167658897853
1741333431.066943,0.9396059881520329,-68.41100768678196,-0.48177370356401544
1741333431.0969303,0.9413168481588345,-68.41954280812921,-0.4808108633089617
1741333431.1191547,0.9428000045386249,-68.42692646556137,-0.485709071024328
1741333431.1669223,0.9466220851013869,-68.44582903225306,-0.484711987391612
1741333431.1968892,0.9432712210514573,-68.4380840830382,-0.48307735607741775
1741333431.2269773,0.9455631920806654,-68.44687088914837,-0.4879535645924902
1741333431.266939,0.9491073226304001,-68.4610700857404,-0.4868617209476057
1741333431.2969432,0.947300256175925,-68.45880590944705,-0.4858439042950746
1741333431.3268948,0.9503043703413375,-68.46752368402188,-0.48899629664860766
1741333431.366915,0.9548876452890561,-68.48156484049214,-0.4879595880581266
1741333431.3969145,0.958745459100426,-68.49385697757579,-0.4873095111263545
1741333431.419145,0.9618009527334866,-68.50392230850447,-0.48932003095636994
1741333431.4669383,0.9687620444492759,-68.52819896154145,-0.4884582803112478
1741333431.4969647,0.9733335019280739,-68.54513682826594,-0.48788768777728325
1741333431.5268917,0.9780845530869607,-68.56316688643325,-0.4899598324653029
1741333431.5669236,0.9849227723504024,-68.58897563839426,-0.48908046347232553
1741333431.5969598,0.9904302377399532,-68.60956144854364,-0.48840973170622753
1741333431.6268888,0.9961703068930262,-68.63105382110062,-0.4912690150557112
1741333431.6669543,0.9687261241755981,-68.54448532221818,-0.48888142550385494
1741333431.6969228,0.9710026099221598,-68.55133563463312,-0.4872305136344157
1741333431.719069,0.9727708769126961,-68.5568178780678,-0.4963579827035687
1741333431.7668905,0.976980081653937,-68.56983706631704,-0.49365429323864396
1741333431.7969732,0.9687354362288593,-68.563614267874,-0.49318411690649766
1741333431.8268921,0.970176978930127,-68.56885870602682,-0.4959271313038023
1741333431.8669043,0.9721649353123657,-68.57620452469452,-0.4940668820632212
1741333431.8969223,0.9690745399068208,-68.5756808506309,-0.4932795841433913
1741333431.9269001,0.9694639382782511,-68.57879688317502,-0.5005620685247721
1741333431.9669454,0.9697963351842422,-68.58224715293734,-0.49864724703686153
1741333431.9969633,0.9687365982660827,-68.58134050850677,-0.4975633182056844
1741333432.0269728,0.9683621889480925,-68.58125844197491,-0.5006005563258124
1741333432.0669425,0.967519687230124,-68.57984056962903,-0.4988909638988232
1741333432.0969288,0.9678457603028229,-68.57979824404663,-0.49783198088126174
1741333432.1268973,0.9671829524362342,-68.57774155781784,-0.5028364713132853
1741333432.166941,0.9658926616507122,-68.5735068474015,-0.501747958913703
1741333432.1969483,0.9646562510019868,-68.56918928112862,-0.5011273997359437
1741333432.219151,0.9674422383033745,-68.57342715832122,-0.506122788569292
1741333432.2669084,0.9671076596029764,-68.56854918557173,-0.5052734660673013
1741333432.2969315,0.9666660440450572,-68.5643954052493,-0.5049843724503587
1741333432.3268945,0.9692019608688566,-68.56751090158805,-0.5131910557534639
1741333432.3669178,0.9696901395098652,-68.56448615051647,-0.5128331882973317
1741333432.3969476,0.9698943810014867,-68.56157344511908,-0.5127246483607476
1741333432.4268975,0.9720299040387024,-68.56513116419671,-0.5158763706499564
1741333432.4668736,0.972972432407641,-68.56384459075527,-0.5157159872664662
1741333432.4969091,0.9735350390138088,-68.56239358855227,-0.5156575994106259
1741333432.528502,0.9753753596726377,-68.56487490544889,-0.5158534962159467
1741333432.566908,0.9766352516894029,-68.56500896605912,-0.5159161421560274
1741333432.5968914,0.9775320633475287,-68.56487180812577,-0.5159478235686837
1741333432.6269364,0.978962016262186,-68.56650751911049,-0.515208486837819
1741333432.6668913,0.9807161832188365,-68.56760121292912,-0.5160112444012777
1741333432.6969275,0.9821753203216216,-68.56833102604867,-0.5165123148502763
1741333432.7268991,0.983751099226019,-68.56902172203762,-0.5134020632070614
1741333432.766931,0.9850802287953573,-68.5712145724231,-0.5148173498586172
1741333432.7969694,0.9866160028862478,-68.57248765776488,-0.5157859377920047
1741333432.8268936,0.988279987694068,-68.57385744056641,-0.509137332461321
1741333432.8669763,0.9899809561004406,-68.57547725628696,-0.5104767398904281
1741333432.8969061,0.9914749297369116,-68.57684274629061,-0.5113561254417371
1741333432.9268944,0.9929445121327661,-68.57822490357904,-0.5056887462279434
1741333432.966958,0.9936409431800308,-68.57794608115577,-0.5069161161337159
1741333432.9969504,0.9944794231876838,-68.5783726616684,-0.5077958771426764
1741333433.0190485,0.9950823008820803,-68.57877420136735,-0.5022766919754347
1741333433.066884,0.9963907694442863,-68.57989167974807,-0.5037260704628198
1741333433.0969007,0.9963875803503219,-68.57787412695838,-0.5044478727853571
1741333433.1268957,0.9969877321668568,-68.57777751477201,-0.5008552790242257
1741333433.166891,0.9979606837725264,-68.57798337789542,-0.5021281774532077
1741333433.196945,0.9973885969155395,-68.57568906069845,-0.5024863702473884
1741333433.2269304,0.9978476505403325,-68.57536593753572,-0.49903367458948455
1741333433.266972,0.9988050010962718,-68.57566149690807,-0.5002138327671838
1741333433.2969127,0.9965484212481829,-68.57215985609545,-0.5003731982378747
1741333433.3190749,0.9963443995890497,-68.57172128013923,-0.4959516047617577
1741333433.3669667,0.9963638851687227,-68.57199670596636,-0.49705130313625745
1741333433.3989613,0.993041353851069,-68.56838293558549,-0.4969600943752712
1741333433.4269001,0.9918696230239985,-68.56757546911221,-0.4952778992159053
1741333433.4669514,0.9909131139866191,-68.56766589447246,-0.49591095857167167
1741333433.4969785,0.9908508738024119,-68.56877022003383,-0.49657970485208375
1741333433.5189729,0.9863205768323119,-68.56470810681641,-0.4949754108351403
1741333433.5669413,0.984768153300646,-68.56523203042664,-0.495582845826823
1741333433.5969245,0.9847365602649363,-68.56683736824364,-0.49614075670832974
1741333433.6199503,0.9812328634475241,-68.56336075716068,-0.4948152076761561
1741333433.6669416,0.9802117101674596,-68.56412124498479,-0.4953933610634802
1741333433.6969295,0.9805377686357094,-68.56605997622857,-0.4959273619905381
1741333433.7269146,0.9773746237530754,-68.56266264885042,-0.4948858496628182
1741333433.766955,0.9769894736127169,-68.56376244430979,-0.49531026269908285
1741333433.7969515,0.9776917877559897,-68.56613555729416,-0.4958338352355397
1741333433.819054,0.9787987786223975,-68.56874325208042,-0.4947412891154972
1741333433.8669484,0.9743059557593868,-68.56288291558961,-0.495014170800843
1741333433.8969028,0.9750365284849177,-68.56436255948897,-0.4953316744429788
1741333433.9190216,0.9762542792994049,-68.56632214670394,-0.49231421231769185
1741333433.9669554,0.9725250520398917,-68.56323385250957,-0.4923083585280422
1741333433.9969532,0.9728387066795721,-68.56469601813872,-0.49243568931228704
1741333434.019049,0.9737168202501155,-68.56673330292759,-0.4920007051418134
1741333434.066888,0.9699926267736741,-68.56409793168775,-0.4917099155376147
1741333434.096929,0.9701429483867842,-68.56582326343893,-0.4917332350809026
1741333434.119062,0.971007816533738,-68.56811466457147,-0.4914198641334772
1741333434.1669123,0.975227886249713,-68.57609207614921,-0.49225570739914853
1741333434.1969013,0.9658849086838114,-68.56798009289862,-0.4910189210273964
1741333434.2269206,0.9664653882682052,-68.57126949023454,-0.48877708904720624
1741333434.266885,0.9692835593381842,-68.57850239049094,-0.4895307641157451
1741333434.2969298,0.9629760070204999,-68.57552535945798,-0.4882791209615619
1741333434.3189738,0.9636684079237314,-68.57898054867047,-0.4888062822591213
1741333434.3668897,0.9678841906466108,-68.59005672626752,-0.48970990484455995
1741333434.3969505,0.962335711891419,-68.5887655920887,-0.4883124997012081
1741333434.4189565,0.9637869662339837,-68.59356124129214,-0.48802009884966374
1741333434.4669614,0.9694709923997129,-68.60789189507574,-0.48888627784844796
1741333434.4969141,0.9640741465116184,-68.60783623889702,-0.48732115470183845
1741333434.5268965,0.9669990000752564,-68.61652503809468,-0.4879483019086662
1741333434.5669544,0.9727336622218475,-68.6315057361915,-0.4884030308281369
1741333434.5975559,0.966096315909847,-68.63100743170888,-0.4868760629319086
1741333434.619014,0.9683120846698469,-68.63701977986251,-0.4868406885880209
1741333434.6669455,0.9756935037687043,-68.65450921393263,-0.48640004509115703
1741333434.6995807,0.9706861649352032,-68.65828623111268,-0.48555420972987734
1741333434.7189782,0.9734611956334666,-68.66468294913159,-0.48527309020717646
1741333434.766951,0.9825507853472047,-68.68479725693115,-0.48466484700934215
1741333434.7969441,0.9898979471121699,-68.70050393023735,-0.48479168624368385
1741333434.8189583,0.9802422803090515,-68.69519349768207,-0.48356832260375276
1741333434.8669407,0.9915596514656645,-68.71646317684008,-0.4820381259067902
1741333434.8969111,1.0005538081880025,-68.73294183365367,-0.48158784472976174
1741333434.9189103,0.9893888463881485,-68.7280822588726,-0.4833919724531648
1741333434.9669073,1.0022225608639068,-68.75019634458283,-0.4806790864654649
1741333434.9968898,1.0118727504095346,-68.76725215110402,-0.4794276446404283
1741333435.03078,1.0034782196185819,-68.76928150579508,-0.4822492509411652
1741333435.0669248,1.0138031865284602,-68.786056285888,-0.47921353282863716
1741333435.0969098,1.0236528097311468,-68.80252278912859,-0.47698653785739736
1741333435.1329207,1.0165460504166681,-68.80832021935029,-0.48207733164290795
1741333435.1669338,1.026824890085722,-68.82416275316731,-0.4786209289797286
1741333435.196903,1.0371060687930713,-68.84022911351661,-0.47578377766651797
1741333435.2289732,1.0298653491156435,-68.84460187613571,-0.48819927895174275
1741333435.2669399,1.0418394870595493,-68.86177775380075,-0.48384344938898
1741333435.2969155,1.0523885170549374,-68.87726827651045,-0.4806282097201737
1741333435.3188624,1.060584187839233,-68.88960446806348,-0.4981560330115455
1741333435.3669102,1.0585331183346214,-68.89880756030438,-0.49245463704696674
1741333435.3969254,1.0690495345325326,-68.91264515359451,-0.48867170484924516
1741333435.418965,1.0772487961932395,-68.9236839172048,-0.5069409931490809
1741333435.4669173,1.094661912257887,-68.94638428090796,-0.5049087094693572
1741333435.4969687,1.1085410764168326,-68.9631738209935,-0.5042595059170694
1741333435.5189106,1.1190390287594776,-68.97616510864131,-0.5074883679572899
1741333435.566906,1.117819049587935,-68.99046377007883,-0.5027844533511198
1741333435.5968935,1.1292085390302449,-69.00420173659022,-0.49848097176460254
1741333435.6189392,1.1378058868561873,-69.01475181033268,-0.5110431621820465
1741333435.6669571,1.1437944847509662,-69.03418716490667,-0.5055329688166385
1741333435.6969066,1.1548694937954338,-69.04934834666342,-0.5021570643562537
1741333435.7188683,1.1631247203201653,-69.06086453552216,-0.5164434804539128
1741333435.7669249,1.182325601170041,-69.08728366718103,-0.5113292999149449
1741333435.7969062,1.1819011270941315,-69.09440642114197,-0.508684243432868
1741333435.8188949,1.1899577511903268,-69.10497372460038,-0.5246869409620776
1741333435.8669074,1.208416870878181,-69.12878273319718,-0.5196363350589731
1741333435.8969219,1.2079934694114973,-69.14028738620961,-0.5174679073273977
1741333435.9189568,1.2153687109774414,-69.1510738906638,-0.5246543893637509
1741333435.966918,1.2319404999143078,-69.17498824543469,-0.5198478932477151
1741333435.9991462,1.2331981014460243,-69.18916243122254,-0.517896150729668
1741333436.0188925,1.2390398766014161,-69.19911781498554,-0.5271041183626023
1741333436.0669672,1.2533134815208224,-69.2233766572814,-0.5226048761172776
1741333436.0968988,1.2618577417343921,-69.23825101088806,-0.5196034157912925
1741333436.121338,1.2632834844590684,-69.24768025330512,-0.5336475464843364
1741333436.1669729,1.2745969079904869,-69.26781924513551,-0.5299751054523203
1741333436.1969125,1.2815455273273424,-69.28022678231437,-0.5273826605399021
1741333436.2210665,1.2859726981117419,-69.29104512849152,-0.5337342949128556
1741333436.266899,1.2952325806132885,-69.30925594157992,-0.5308678778548088
1741333436.296908,1.3006168202655337,-69.32011682015174,-0.5288986559413655
1741333436.3189309,1.3040547162841525,-69.32747810553808,-0.5371185660766462
1741333436.3669593,1.3169910488111793,-69.34627530207847,-0.5351252591585072
1741333436.396967,1.3211618908126657,-69.35517822597546,-0.5338986878812968
1741333436.4189072,1.3237028432796412,-69.36092095937445,-0.5360498169714975
1741333436.4669704,1.3341821775120528,-69.37661286409586,-0.5343135716155929
1741333436.4969068,1.3364606603045526,-69.38317598180046,-0.5333914693320085
1741333436.5188797,1.3375619658374323,-69.3870601140677,-0.535615866969909
1741333436.566973,1.3523271220553774,-69.40253947313742,-0.5343960251107912
1741333436.5969145,1.3537270561147632,-69.40786121038664,-0.5340199075251494
1741333436.618808,1.3541062231273675,-69.41067053303897,-0.5273885463989268
1741333436.666909,1.3623461237339851,-69.42179814741665,-0.5261471650433247
1741333436.6969583,1.3613558590569372,-69.42473168802996,-0.5256867633186295
1741333436.718829,1.3598390593262406,-69.42555883684285,-0.5226084378699102
1741333436.7669156,1.354037866472903,-69.42344105020082,-0.522735069875098
1741333436.7969031,1.3644685159582974,-69.43658044564616,-0.5211890860566459
1741333436.818951,1.362231988029577,-69.43683076059878,-0.5290919006652154
1741333436.8669116,1.354841137269225,-69.43355086704314,-0.5295117361846708
1741333436.8969114,1.3590089179111537,-69.44021030878993,-0.5292119701728604
1741333436.9188402,1.3562777930814522,-69.43930054471305,-0.5305745565878573
1741333436.9668894,1.3480038627594917,-69.43361763140108,-0.5323160986776261
1741333436.9969614,1.3515860134610274,-69.4371885967604,-0.5316245009722138
1741333437.0188446,1.3491437623394058,-69.43490716091414,-0.5393564478946251
1741333437.0668833,1.3419400141390134,-69.42649120728085,-0.5410355723786199
1741333437.096931,1.33627322040243,-69.41902374008286,-0.5424163383861883
1741333437.1188326,1.3442571128517602,-69.42776076004148,-0.5433001873593554
1741333437.166882,1.3401879196172022,-69.42116540938618,-0.5444711467748339
1741333437.2009387,1.3430464554599457,-69.42202853249412,-0.5442411659975366
1741333437.2188823,1.342736019798969,-69.42086948297073,-0.5436779994028096
1741333437.266951,1.3407681509415068,-69.4155842754989,-0.5447090668386024
1741333437.2969065,1.3387346310539074,-69.41080056218647,-0.5454385635404579
1741333437.318838,1.343009275347916,-69.41633797315471,-0.542705597315831
1741333437.3669612,1.342245505326613,-69.41309679941097,-0.5446611218297865
1741333437.3969667,1.3412800651252244,-69.41011720326854,-0.5459006616290522
1741333437.418853,1.3447371260151604,-69.41478414861177,-0.5286433235644056
1741333437.4669554,1.3460543905155071,-69.41442070571611,-0.5315270544933025
1741333437.4969096,1.3466406240679853,-69.41361923767386,-0.5332692972108015
1741333437.5187614,1.3489145950166865,-69.41634726874778,-0.5214987994986784
1741333437.566896,1.3510526399781513,-69.41771819629598,-0.5250658032504115
1741333437.5969,1.3522993875680513,-69.4184820867412,-0.527232802153318
1741333437.6189265,1.353141255436174,-69.41988701433102,-0.5107268834240263
1741333437.666958,1.3550938551611766,-69.42226945805318,-0.5146208157068524
1741333437.6969287,1.356380958417282,-69.42400118560494,-0.5170548761344448
1741333437.7188857,1.3573846466884665,-69.42543041366271,-0.5030654019370838
1741333437.7668855,1.356425649701921,-69.42586943590327,-0.5064601244082692
1741333437.7968962,1.3570431515665655,-69.42737368556301,-0.5084807989508382
1741333437.8187945,1.3575971096966475,-69.4286699515547,-0.495199974573558
1741333437.8668966,1.354824602709554,-69.42764511066702,-0.4980504015292001
1741333437.8969238,1.3544291374406272,-69.42846036674696,-0.49984029854555667
1741333437.9188023,1.354228069957881,-69.42935527050176,-0.49013180432804776
1741333437.9668937,1.3516789596209104,-69.42697343797958,-0.4922873525142088
1741333437.9969516,1.3507380601177321,-69.42714302601216,-0.49369256866054717
1741333438.0187738,1.3501990192706046,-69.42764240405063,-0.4894029551176101
1741333438.06691,1.3474027520776721,-69.42432068265298,-0.49089891761572924
1741333438.0969408,1.346529337601225,-69.42365922348243,-0.49174670001425375
1741333438.1188076,1.3461729597561245,-69.42368470399754,-0.48932935526574906
1741333438.1668947,1.346232725841807,-69.42539759205069,-0.4910520547547738
1741333438.1968758,1.3438930841236498,-69.41975894225354,-0.49091767962310656
1741333438.2187948,1.3437706192016612,-69.41937771071204,-0.48455849865880873
1741333438.2669537,1.344452282597564,-69.42052638006474,-0.48584049380721056
1741333438.2969337,1.3433224309730074,-69.417347076702,-0.4855508395209317
1741333438.3187966,1.3436149604472187,-69.4175109904398,-0.4852621091372872
1741333438.3669388,1.3453564153588142,-69.42035596860865,-0.48637575594046634
1741333438.3969715,1.3472728767758935,-69.42394781404303,-0.4873634394646044
1741333438.4187853,1.3453140839612032,-69.41734559465478,-0.4846029131351234
1741333438.4668808,1.3478119640929884,-69.42017381252528,-0.48534780205152955
1741333438.496933,1.350277376008722,-69.42379483838013,-0.4860531275206474
1741333438.5187535,1.3485007138337968,-69.42036596001402,-0.4845236497389805
1741333438.5669234,1.3513068038116414,-69.42458760989916,-0.48493996385297483
1741333438.5969713,1.3538339628670373,-69.42903600596607,-0.48535658093722844
1741333438.6187801,1.3510848753547728,-69.42429068677721,-0.48426300808116834
1741333438.6669216,1.3526374070943958,-69.42763660192934,-0.4840461285005549
1741333438.696908,1.3542575079939305,-69.4313736253898,-0.48396953118351527
1741333438.7243626,1.3520064243471792,-69.42754334499182,-0.4843069445081832
1741333438.7669582,1.3522916172087223,-69.42890004210689,-0.48350717977480245
1741333438.7968981,1.3529625665372234,-69.43104322308314,-0.4829601815855946
1741333438.8187678,1.3536909695251256,-69.43322260550188,-0.4857294502151315
1741333438.8669426,1.3499458282375816,-69.4275776388469,-0.4842749781791752
1741333438.896928,1.3496209128477679,-69.42848655884384,-0.48336672439213224
1741333438.918683,1.3496038720666579,-69.42977094336156,-0.48953987609045435
1741333438.9669533,1.3475110673742623,-69.42557062251622,-0.48819457587167137
1741333438.996952,1.347301918052458,-69.4259642697705,-0.4873710766086894
1741333439.0187042,1.3473339676083047,-69.42674382574998,-0.49320973120359823
1741333439.0669558,1.346349940125401,-69.42257600982957,-0.49202068834927326
1741333439.09692,1.3464727670940453,-69.42248404165795,-0.4913580121768331
1741333439.1187701,1.3467331484271419,-69.42288905998682,-0.4947782823363334
1741333439.167557,1.3460685093765048,-69.41982790649078,-0.4939974002763602
1741333439.1968834,1.346283305858894,-69.41939299776386,-0.49361749637346664
1741333439.2187595,1.3466317968923154,-69.41950534825683,-0.49639256529867937
1741333439.2668867,1.347954898165505,-69.42104234216902,-0.496003367806825
1741333439.2969084,1.3485001320822563,-69.41862021197034,-0.4959651364369738
1741333439.318678,1.3493805158757393,-69.41907283132942,-0.49790451166648186
1741333439.366949,1.3519503489667,-69.42135487374284,-0.4980298074897977
1741333439.396915,1.3524397642333033,-69.42009229257332,-0.4978978856914065
1741333439.4186616,1.3536513363455882,-69.4211426797573,-0.497949930067794
1741333439.4669645,1.356943991882542,-69.42493793647168,-0.498348484687428
1741333439.4969122,1.3568505505247825,-69.4237097779281,-0.49821194775130756
1741333439.51876,1.3580751539332834,-69.42517354620283,-0.49798352757108855
1741333439.566893,1.3613698751908345,-69.429714876112,-0.49829997811928906
1741333439.5968904,1.3610400669508054,-69.42831217617244,-0.49803039199465476
1741333439.6187217,1.3619694885158409,-69.4293992903304,-0.49820572308286953
1741333439.6668892,1.364316917345811,-69.43267709899091,-0.4980745363782667
1741333439.7011666,1.3633279458749226,-69.43146262963275,-0.49750489211645793
1741333439.7186615,1.363421872171443,-69.4316295437253,-0.49824379927609763
1741333439.7668967,1.3638778947295056,-69.43259086744575,-0.4974005373150164
1741333439.796952,1.3642762069872159,-69.43352554617415,-0.4968688494969501
1741333439.8186753,1.3617155713243776,-69.43056856048337,-0.4985966333085388
1741333439.8669364,1.3601151165921666,-69.42949314386789,-0.49732769384604103
1741333439.896926,1.359192068405489,-69.42900452377295,-0.49656772383642683
1741333439.9186187,1.3576019189409567,-69.42708401824585,-0.501540937127117
1741333439.9669464,1.35539102538779,-69.42499824626434,-0.5000739523453452
1741333439.9969218,1.3540272236749369,-69.4237556708009,-0.49919051232514217
1741333440.0202482,1.352754025489809,-69.42187876918581,-0.5063793566762415
1741333440.0669546,1.3505374891096655,-69.4191603721066,-0.5050617535536651
1741333440.0969262,1.3491652062827173,-69.41754630007411,-0.5041970247915457
1741333440.12424,1.3483793347998594,-69.41601110142551,-0.5099820241409887
1741333440.1669436,1.3468904178117742,-69.41401996947849,-0.5093167496539893
1741333440.1969457,1.3458625576928853,-69.41283820300546,-0.5088811049109477
1741333440.2271776,1.3453817368299457,-69.41159952199999,-0.5107361918450893
1741333440.2669227,1.3445918582456093,-69.41038877122334,-0.5105785028836799
1741333440.2969086,1.344125252341768,-69.40977862845732,-0.5104600873899879
1741333440.3186493,1.343885149410046,-69.40955243768529,-0.5107464769617047
1741333440.3669124,1.3441364436859398,-69.4082898426319,-0.5113072174606452
1741333440.3968847,1.3445429086953364,-69.40864114682154,-0.5117362602298944
1741333440.4187412,1.3450280957408773,-69.40931477783735,-0.5088164845962274
1741333440.4669485,1.3466709144446485,-69.40950638658398,-0.5099826197026784
1741333440.4969087,1.3480950203215807,-69.41102332921332,-0.510730746150924
1741333440.5186906,1.3493144007529478,-69.41256295646478,-0.5063999212933954
1741333440.5669131,1.3499713829041144,-69.41152506026705,-0.5076298779284344
1741333440.596892,1.3512306624132064,-69.4125892754866,-0.508390802056198
1741333440.6186154,1.3523533180574134,-69.41383352540579,-0.502024391286417
1741333440.6669245,1.3554817089201026,-69.41804066568064,-0.5032833239033404
1741333440.6969326,1.3538979232850092,-69.4141271227603,-0.5036338765006007
1741333440.7186475,1.35479392018773,-69.41511791131116,-0.500753875905668
1741333440.7669187,1.354834541517141,-69.4143518839843,-0.5014215733508596
1741333440.7969012,1.3553129222357976,-69.41471769167859,-0.50177407437573
1741333440.8186939,1.3558777437358163,-69.4154323179455,-0.5001683585263255
1741333440.8669093,1.3577267771761283,-69.41821611234465,-0.5007619793304636
1741333440.8969183,1.355163806123479,-69.41366832877353,-0.5005124302080748
1741333440.9186478,1.3550649336382554,-69.41337512182665,-0.49986997584952453
1741333440.966963,1.3553368182718795,-69.41368626501685,-0.49976953108231115
1741333440.9992607,1.3535246165234238,-69.4107857806398,-0.49964830040240815
1741333441.0186253,1.3530370454791552,-69.4101404780041,-0.49986284350392346
1741333441.0669155,1.3521582985226601,-69.4095956821689,-0.4996613216026956
1741333441.098374,1.350919183174035,-69.40739787387196,-0.49976490277447133
1741333441.1185963,1.3504654802274751,-69.40686864771233,-0.4999117243935469
1741333441.166929,1.3497463978925603,-69.40676301427655,-0.5001756127504637
1741333441.1991744,1.3490911101983722,-69.40512300062622,-0.5005701740330094
1741333441.218589,1.348949898585222,-69.40493333573797,-0.4999302136192618
1741333441.2669344,1.3490991246548052,-69.40572587777962,-0.5006988157776049
1741333441.2969143,1.3495798760310764,-69.40720325328583,-0.5012893544161985
1741333441.3234138,1.349446796272533,-69.40429543514894,-0.4966277889398556
1741333441.3669534,1.3505484235448275,-69.40532759836329,-0.4977268007255238
1741333441.396949,1.351770556784534,-69.40713386286389,-0.49860642125838567
1741333441.4186175,1.3529158206393372,-69.40898599699135,-0.49376476159266747
1741333441.466884,1.3563268268509465,-69.41473682805767,-0.4953897308336358
1741333441.49693,1.3590620550525492,-69.41945579602503,-0.4964612649142923
1741333441.5185885,1.3613221762327279,-69.42341224845396,-0.493363777205473
1741333441.5669024,1.3672093751001857,-69.43397088674021,-0.49521080286354235
1741333441.5969515,1.3714605929963306,-69.44179593887358,-0.4964266317582484
1741333441.618585,1.374804275119922,-69.44805667731227,-0.49180592019474895
1741333441.666941,1.3831267907575495,-69.46400014866121,-0.49392115399722836
1741333441.6969714,1.3888914188344725,-69.47528174356684,-0.49531187534921745
1741333441.7185667,1.3580928673303232,-69.40435189763005,-0.4909284600440412
1741333441.7669532,1.3604428509507558,-69.40651568244355,-0.49113516235714816
1741333441.7969522,1.3624658291890963,-69.40905650049467,-0.49127619168859876
1741333441.8185914,1.3596588597925345,-69.4039315786055,-0.49042869325806726
1741333441.8669538,1.3606647958616571,-69.40469324705305,-0.48997909555435387
1741333441.8969066,1.3617521786813016,-69.40628676149419,-0.4897368379725849
1741333441.918626,1.3627577327192406,-69.40797838350916,-0.4906368032643527
1741333441.966978,1.3598792677745681,-69.40143318322431,-0.4898983847346044
1741333441.9969668,1.3601573758581977,-69.40179332641561,-0.4895070713263462
1741333442.033996,1.3592962887685374,-69.39959544940149,-0.49628944873591724
1741333442.066888,1.3592339168591934,-69.3990906762263,-0.49583235864586717
1741333442.0969255,1.3595054846580599,-69.39940877654212,-0.49550252185342225
1741333442.1186023,1.3598875088812759,-69.40008699966693,-0.4960942055596486
1741333442.1669197,1.3589842997069632,-69.39719588947816,-0.49561047075310544
1741333442.1969714,1.3592218338144442,-69.39725709427883,-0.49537651803233923
1741333442.2185988,1.3595562940748471,-69.39767245788583,-0.49728454683501966
1741333442.2669523,1.3597230906504358,-69.39634722613354,-0.4969854161259292
1741333442.2969303,1.3603144407533023,-69.39679342425754,-0.4968956581357351
1741333442.3185537,1.3609000753633145,-69.39749926609117,-0.49658393448869276
1741333442.366907,1.3627245175542064,-69.40026574862407,-0.4967370181954411
1741333442.3969107,1.3623040766309862,-69.39656752207043,-0.49647889496477654
1741333442.4185834,1.3630730712567984,-69.39718164147449,-0.4964194498757049
1741333442.467315,1.364033788635143,-69.397323282695,-0.49648591915372003
1741333442.4969733,1.364908874991121,-69.39800913979606,-0.4965482979320094
1741333442.5185027,1.365729458787486,-69.39890751091087,-0.496421101440508
1741333442.5669491,1.3664298783904414,-69.3989619067746,-0.4964361790019705
1741333442.5969415,1.3672534110841985,-69.39978887226425,-0.4964493913700222
1741333442.6184726,1.3680377312063068,-69.40080628496058,-0.49587544027753155
1741333442.6669414,1.3703896682805217,-69.40439599444183,-0.4960507870528531
1741333442.6969154,1.3687360896406118,-69.40059519672953,-0.4955883406364467
1741333442.7185874,1.369170413494369,-69.4010512369924,-0.49592949989573276
1741333442.7669487,1.3707529103353904,-69.40325349927242,-0.49564803095633264
1741333442.7969759,1.369553444090754,-69.4009179735778,-0.4954959452681937
1741333442.8185143,1.3697545322606097,-69.40108209694337,-0.4959257919737982
1741333442.8669436,1.3706596694338127,-69.40252390958446,-0.49557164716861435
1741333442.8969247,1.3715049232507148,-69.40421668848259,-0.4953657386447511
1741333442.9184937,1.3693385345571603,-69.39956725202659,-0.4961296045139885
1741333442.9669487,1.3694317411485475,-69.3999581715502,-0.4958548872629905
1741333442.9969647,1.3698309883570219,-69.40103636875885,-0.49573936197988533
1741333443.0184693,1.3684237495746023,-69.3979260110266,-0.49687835798461055
1741333443.066896,1.368454858875867,-69.39821264667522,-0.49667156123881046
1741333443.0969114,1.3688483964899227,-69.39923337316885,-0.4966075588171628
1741333443.124727,1.3675477879972544,-69.39634686800312,-0.49730478827680297
1741333443.1668923,1.3675088440527021,-69.39630347220498,-0.4972241489665375
1741333443.196919,1.3678290732412814,-69.39703538816752,-0.4972165422830108
1741333443.222128,1.367265471948187,-69.39532836043212,-0.49780554727446114
1741333443.2668822,1.367585136283552,-69.39551583658717,-0.497867886614625
1741333443.2969127,1.3681578802243208,-69.39642494901746,-0.4979532059119421
1741333443.3249228,1.3677212944248736,-69.39450223458343,-0.49792601669236153
1741333443.366896,1.3682807256990035,-69.39464660147136,-0.49807433238023235
1741333443.3969562,1.3690227563485595,-69.39554029803404,-0.498227167969945
1741333443.4327676,1.368634713363373,-69.39354007842405,-0.49796105311243277
1741333443.4669383,1.3690807983350135,-69.39352467675212,-0.4980990834619459
1741333443.4969213,1.3697876754332106,-69.39424714544481,-0.4982667836159026
1741333443.5184293,1.3704800581714955,-69.39519636799662,-0.4979180933780352
1741333443.566945,1.3699676285141653,-69.39245437217268,-0.498120485254994
1741333443.5969555,1.370549775560934,-69.39283306012372,-0.49829245636441666
1741333443.6185563,1.3711833167453114,-69.39356959541993,-0.49795230621024034
1741333443.6669111,1.3706615989704845,-69.39183339215069,-0.49820923805846695
1741333443.6969788,1.371059935501992,-69.39218578298569,-0.49841521082492696
1741333443.7184618,1.3715818832452842,-69.39293833993021,-0.49778584699241685
1741333443.766939,1.3713195016814104,-69.39164942804695,-0.49806844014061435
1741333443.796952,1.371737319884756,-69.39217488323702,-0.4982723209074447
1741333443.8185117,1.3722505060508632,-69.393074418813,-0.49710677517589946
1741333443.866945,1.37404883345317,-69.39668941617497,-0.4975731502701814
1741333443.8969328,1.3720665348114125,-69.39176384560629,-0.49747114599714987
1741333443.9184058,1.3723181479786404,-69.39209086851679,-0.4966941129376269
1741333443.9668853,1.3735784279661474,-69.39445061259558,-0.4970219774091481
1741333443.9969456,1.3723002929225026,-69.39154826772851,-0.49683704444545457
1741333444.0184321,1.372462864019342,-69.39184491440045,-0.4964852301852799
1741333444.0669708,1.3735098683906861,-69.39412208396053,-0.4966670794558886
1741333444.0969076,1.3746312672913965,-69.39662361623104,-0.4968478082492644
1741333444.1185043,1.37235510101265,-69.39081088995228,-0.49644374442970235
1741333444.1669364,1.3730355977993933,-69.39192854237061,-0.49642078602750944
1741333444.1969473,1.3739179354943925,-69.39368324276109,-0.49648099792692807
1741333444.219318,1.3726217869201907,-69.38986926831662,-0.49643165569327863
1741333444.2669017,1.3731923287810144,-69.39010544654981,-0.4962380192927808
1741333444.2969139,1.3739824136216034,-69.39124037973303,-0.4961932279031021
1741333444.3184307,1.3730950200742942,-69.38873154980224,-0.4964693557238633
1741333444.366887,1.3737341770509,-69.38906078056314,-0.4962377214692909
1741333444.3969533,1.374546737286831,-69.39022143089636,-0.49616997646663064
1741333444.4330885,1.3738156757043536,-69.38740243794194,-0.49643397691017943
1741333444.4669466,1.3742544535796986,-69.38734702750008,-0.49629724372255873
1741333444.4969308,1.3749905923987482,-69.38808622116687,-0.49624303441505585
1741333444.5185063,1.3757152897786529,-69.38907972918071,-0.4965159083974485
1741333444.566918,1.375474804444124,-69.38668559419551,-0.496395615921349
1741333444.596955,1.3762872466092244,-69.38752540618442,-0.4963797786001132
1741333444.6184757,1.3770717769168095,-69.38858573190828,-0.49922915536284723
1741333444.6669028,1.3770007624723712,-69.38648331744754,-0.49918698485134944
1741333444.6969361,1.3779069802206245,-69.38739548573687,-0.4992090569125206
1741333444.718451,1.378758160531562,-69.38852829205449,-0.49899326630493995
1741333444.7669253,1.3785831075729653,-69.38640182410153,-0.49901267868773447
1741333444.79695,1.379259268188389,-69.38686950501487,-0.4990405682718925
1741333444.8183653,1.3799531385576036,-69.38768064583913,-0.4989247488628585
1741333444.8669202,1.380133755077788,-69.3867177560255,-0.49903277097589216
1741333444.8969069,1.380720246730293,-69.3872336892625,-0.4991109465074381
1741333444.9183476,1.3813400782994871,-69.38807770525064,-0.49889340122241826
1741333444.9669006,1.3812767446139933,-69.38687184101632,-0.4989831689419188
1741333444.9969413,1.381713925100208,-69.38708114151554,-0.499048651514304
1741333445.0184636,1.3822496343966415,-69.38771070169742,-0.4984868670461092
1741333445.0669653,1.3840403403024157,-69.39060912634253,-0.4986878561487882
1741333445.0969157,1.3825529926563196,-69.38631182131545,-0.4985038767684578
1741333445.1184032,1.3828036520566944,-69.38640308984318,-0.4984817152455823
1741333445.1669528,1.3839455420625908,-69.38800051421802,-0.4985462919407468
1741333445.196958,1.3830783267968392,-69.3853557887745,-0.49825509003121465
1741333445.2183728,1.3832561687872957,-69.38529249253169,-0.4983762277266011
1741333445.2668915,1.3842677468342424,-69.38650248733809,-0.49838033821217775
1741333445.2969303,1.3834668951590952,-69.3843471491335,-0.49801410372687305
1741333445.3284152,1.3838424189573484,-69.38464561376476,-0.49845132014943533
1741333445.3669434,1.3847645291394748,-69.38604596927198,-0.49841934278674527
1741333445.396951,1.3858333661674922,-69.38790330491109,-0.4984593345525325
1741333445.4183974,1.3841877882471882,-69.38358158202703,-0.4986741705603479
1741333445.4669526,1.3849673649337502,-69.38421697492225,-0.49844418110165806
1741333445.4969203,1.3858355484680926,-69.38543999090462,-0.49836630474327026
1741333445.5183916,1.3848129817347627,-69.38310543289052,-0.4988446210549891
